mls_id,address,city,bedrooms,washrooms,parking,type,price,lat,lng,Elementary,Intermediate,Secondary
C12705406,30 Case Ootes Drive,Toronto,4,5,1,Detached,1030000,43.7228733,-79.3084398,O'Connor PS,Gordon A Brown MS,Victoria Park CI
C12705402,1608 219 Fort York Boulevard,Toronto,2,1,1,Condo,688888,43.6367509,-79.4055001,The Waterfront School,The Waterfront School,Parkdale CI
C12705392,602 169 Fort York Boulevard,Toronto,3,2,1,Condo,990000,43.6407041,-79.3935507,The Waterfront School,The Waterfront School,Parkdale CI
E12705370,708 630 Queen Street E,Toronto,2,2,1,Condo,849000,43.6613587,-79.3393085,Dundas Jr PS,Queen Alexandra MS,Riverdale CI
C12705340,28 Shannon Street,Toronto,7,6,3,Detached,1987000,43.6533238,-79.423742,Ossington-Old Orchard Jr PS,Alexander M G Ave Jr & Sr PS,Bloor CI
C12705338,1805 3300 Don Mills Road,Toronto,3,2,1,Condo,538888,43.7369236,-79.3429478,Crestview PS,Don Valley MS,Georges Vanier SS
E12705306,43 30 Liben Way,Toronto,2,2,1,Condo,599900,43.8054421,-79.2246257,Berner Trail Jr PS,Dr Marion Hilliard Sr PS,Lester B Pearson CI
W12705302,1322 9 Mabelle Avenue,Toronto,1,1,1,Condo,495000,43.6452774,-79.5279048,Islington JMS,Islington JMS,Etobicoke CI
E12705284,912 90 Glen Everest Road,Toronto,2,2,1,Condo,299000,43.6984761,-79.2554318,Cliffside PS,Cliffside PS,Birchmount Park CI
W12705250,223 293 The Kingsway,Toronto,2,2,1,Condo,764900,43.6480098,-79.5091563,Humber Valley Village JMS,Humber Valley Village JMS,Etobicoke CI
E12705240,2132 3 Greystone Walk Drive,Toronto,1,1,1,Condo,395500,43.7248718,-79.2523201,Walter Perry Jr PS,Robert Service Sr PS,RH King Academy */ D & M Thomson CI
C12705188,1704 105 George Street,Toronto,2,2,1,Condo,645000,43.6652923,-79.3984012,HJ Alexander CS,CR Marchant MS,Weston CI
C12705150,1003 8 Manor Road W,Toronto,3,3,1,Condo,2870000,43.7022229,-79.3991036,Oriole Park Jr PS,Hodgson MS,Northern SS
W12705086,506 2154 Dundas Street W,Toronto,1,1,0,Condo,699999,43.6533249,-79.4500793,Howard Jr PS,Fern Avenue Jr & Sr PS,Parkdale CI
W12705042,1025 165 Legion Road N,Toronto,1,1,1,Condo,449800,43.6240098,-79.4884115,George R Gauld JS,John English JMS,Lakeshore CI
C12705070,410 8 Manor Road W,Toronto,2,1,1,Condo,1550000,43.7022229,-79.3991036,Oriole Park Jr PS,Hodgson MS,Northern SS
C12705066,S202 120 Bayview Avenue,Toronto,4,3,1,Condo,1129000,43.6538223,-79.3544618,Bedford Park PS,Bedford Park PS,York Mills CI */ Northern SS
C12705016,228 Deloraine Avenue,Toronto,5,5,3,Detached,3278000,43.7322847,-79.4131253,John Wanless Jr PS,Glenview Sr PS,Lawrence Park CI
W12704986,502 2662 Bloor Street W,Toronto,2,2,1,Condo,989000,43.6495867,-79.494444,Lambton-Kingsway JMS,Lambton-Kingsway JMS,Etobicoke CI
C12704946,108 701 Sheppard Avenue W,Toronto,1,1,1,Condo,449500,43.7608487,-79.4121268,Dublin Heights E & MS,Dublin Heights E & MS,William L Mackenzie CI
C12704918,1709 55 Ontario Street,Toronto,2,1,0,Condo,574900,43.6627629,-79.3701198,Market Lane Jr & Sr PS,Market Lane Jr & Sr PS,Jarvis CI
W12704868,814 1 De Boers Drive,Toronto,1,1,1,Condo,499900,43.7514106,-79.464997,Dublin Heights E & MS,Dublin Heights E & MS,William L Mackenzie CI
C12704782,PH-F 7 Broadway Avenue,Toronto,1,1,0,Condo,433200,43.7114776,-79.3895027,Eglinton Jr PS,Hodgson MS,North Toronto CI
W12704768,123 Jeffcoat Drive,Toronto,4,2,3,Detached,899900,43.7209592,-79.577477,West Humber JMS,West Humber JMS,West Humber CI
C12704694,410 10 DEERLICK Court,Toronto,3,2,2,Condo,639000,43.7591288,-79.3312274,Fenside PS,Donview MHWA,George S Henry Academy
C12704688,18 Carscadden Drive,Toronto,5,4,3,Detached,1695000,43.7656097,-79.4421279,Yorkview PS,Willowdale MS,Northview Heights SS
E12704568,622 11753 Sheppard Avenue E,Toronto,3,2,1,Condo,599900,43.799314,-79.1484873,Rouge Valley PS,Rouge Valley PS,Sir Oliver Mowat CI
W12704576,422 36 Zorra Street,Toronto,3,2,1,Condo,674500,43.6200312,-79.5215363,Castlebar JS,Norseman JMS,Etobicoke CI
C12704548,2506 15 Greenview Avenue,Toronto,3,2,1,Condo,799000,43.7800387,-79.4187248,RJ Lang E & MS,RJ Lang E & MS,Northview Heights SS
C12704538,2 Tangmere Road,Toronto,5,2,4,Detached,1448888,43.7362536,-79.3561407,Rippleton PS,St Andrew's MS */ Windfields MS,York Mills CI
C12704524,38 Foxbar Road,Toronto,4,4,0,Detached,1895000,43.6857502,-79.3993724,Brown Jr PS,Deer Park Jr & Sr PS,Jarvis CI
C12704500,366 Hounslow Avenue,Toronto,7,5,8,Detached,2198000,43.7719064,-79.4313666,Yorkview PS,Willowdale MS,Northview Heights SS
C12704488,83 Hillmount Avenue,Toronto,5,5,6,Detached,3895000,43.7102097,-79.4331824,Glen Park PS,Lawrence Heights MS */ Ledbury Park E & MS,John Polanyi CI
E12704406,9 Bergen Road,Toronto,4,2,4,Detached,859900,43.7528753,-79.2857022,Dorset Park PS,Dorset Park PS,Winston Churchill CI
C12704292,2111 77 Harbour Square,Toronto,1,1,1,Condo,729000,43.6398197,-79.3794609,Island Public Natural Science School,The Waterfront School,Jarvis CI
C12704272,501 50 Lynn Williams Street,Toronto,2,2,1,Condo,759000,43.6390631,-79.4156278,Dr Rita Cox – Kina Minagok PS,Dr Rita Cox – Kina Minagok PS,Parkdale CI
W12704260,1512 234 Albion Road,Toronto,2,1,1,Condo,399999,43.7211485,-79.5441591,Oakridge Jr PS,Samuel Hearne MS,Birchmount Park CI
C12704212,85 Snowdon Avenue,Toronto,4,4,3,Detached,2718888,43.7316745,-79.4005827,Bedford Park PS,Bedford Park PS,Lawrence Park CI
C12704200,342 1030 King Street W,Toronto,2,2,0,Condo,698800,43.6416504,-79.4159325,Givins Shaw Jr PS,Alexander M G Ave Jr & Sr PS,Parkdale CI
W12704130,B416 60 Annie Craig Drive S,Toronto,1,1,1,Condo,399999,43.6263234,-79.4868598,Etienne Brule JS,Park Lawn JMS,Lakeshore CI
C12704108,487 Coldstream Avenue,Toronto,6,7,4,Detached,4290998,43.7151699,-79.4281348,Ledbury Park E & MS,Ledbury Park E & MS,John Polanyi CI
C12704104,1220 100 Harrison Garden Boulevard,Toronto,2,2,1,Condo,679000,43.7569574,-79.4043424,Avondale PS,Avondale PS,Georges Vanier SS
C12704090,811 260 Doris Avenue,Toronto,1,1,1,Condo,499000,43.7623454,-79.408504,McKee PS,Cummer Valley MS,Earl Haig SS
C12704050,215 Lonsmount Drive,Toronto,5,6,3,Detached,5380000,43.687612,-79.4178595,Forest Hill Jr & Sr PS,Forest Hill Jr & Sr PS,Forest Hill CI
W12703958,609 5229 Dundas Street W,Toronto,1,1,1,Condo,499999,43.6393497,-79.5364311,Wedgewood JS,Bloorlea MS,Etobicoke CI
W12704006,501 1195 The Queensway Way,Toronto,0,1,0,Condo,269900,43.6285664,-79.5178574,Castlebar JS,Norseman JMS,Etobicoke CI
C12703920,3001 575 Bloor Street E,Toronto,1,1,0,Condo,525000,43.6717603,-79.3717073,Rose Avenue Jr PS,Winchester Jr & Sr PS,Jarvis CI
C12703790,1706 62 Forest Manor Road,Toronto,2,1,1,Condo,559000,43.7724797,-79.3445926,Forest Manor PS,Woodbine MS,George S Henry Academy
C12703766,801 7 Carlton Street,Toronto,1,1,1,Condo,679800,43.6620276,-79.3786055,Church Street Jr PS,Jesse Ketchum Jr & Sr PS,Jarvis CI
C12703756,2208 501 Yonge Street,Toronto,2,1,0,Condo,538000,43.6634346,-79.3835319,Church Street Jr PS,Jesse Ketchum Jr & Sr PS,Jarvis CI
W12703754,2304 36 Zorra Street,Toronto,2,2,1,Condo,519900,43.6200312,-79.5215363,Castlebar JS,Norseman JMS,Etobicoke CI
C12703728,447 33 Mill Street,Toronto,2,1,0,Condo,549900,43.6514816,-79.356801,Armour Heights PS,Armour Heights PS,York Mills CI */ Northern SS
E12703692,511 88 Colgate Avenue,Toronto,1,1,0,Condo,449900,43.6618989,-79.3423306,Morse Street Jr PS,Queen Alexandra MS,Riverdale CI
W12703672,21 Murrie Street,Toronto,5,5,4,Detached,2350000,43.6055668,-79.4948635,Second Street JMS,Second Street JMS,Lakeshore CI
E12703616,46 Glenshephard Drive,Toronto,3,2,5,Detached,889000,43.7281693,-79.2494698,Walter Perry Jr PS,Robert Service Sr PS,RH King Academy */ D & M Thomson CI
E12703656,44 30 Dundalk Drive,Toronto,4,2,2,Condo,739000,43.7660655,-79.2857355,Glamorgan Jr PS,Ellesmere-Statton PS,Winston Churchill CI
E12703612,901 3655 Kingston Road,Toronto,3,2,2,Condo,735000,43.7431149,-79.2119447,George P Mackie Jr PS,Bliss Carman Sr PS,Sir Wilfrid Laurier CI
W12703638,30 Moncrieff Drive,Toronto,4,2,3,Detached,849900,43.722966,-79.5679104,Rivercrest JS,West Humber JMS,Thistletown CI
C12703596,47 Danville Drive,Toronto,6,6,6,Detached,4598000,43.7508842,-79.3932052,Owen PS,St Andrew's MS,York Mills CI
W12703552,193 Epsom Downs Drive,Toronto,3,2,10,Detached,1190000,43.7237913,-79.4984832,Tumpane PS,Beverley Heights MS,Downsview SS
E12703538,70 Carlaw Avenue,Toronto,4,3,2,Detached,1299000,43.6570655,-79.3385944,Morse Street Jr PS,Queen Alexandra MS,Riverdale CI
W12703516,406 MARGUERETTA Street,Toronto,4,2,1,Detached,1669000,43.6608749,-79.4406717,Pauline Jr PS,Dovercourt PS,Bloor CI
W12703490,583 Glen Park Avenue,Toronto,2,1,3,Detached,749000,43.7057058,-79.4638096,Joyce PS,Lawrence Heights MS,John Polanyi CI
C12703438,209 1101 Steeles Avenue W,Toronto,2,2,1,Condo,459900,43.7904679,-79.4481593,Rockford PS,Fisherville Sr PS,Newtonbrook SS
C12703482,1208 30 Ordnance Street,Toronto,2,2,0,Condo,625000,43.6394943,-79.4095555,Niagara Street Jr PS,Ryerson CS,Parkdale CI
C12703442,301 235 St Clair Avenue W,Toronto,2,2,1,Condo,1130000,43.6832156,-79.418845,Brown Jr PS,Deer Park Jr & Sr PS,Oakwood CI
E12703426,75 Enchanted Hills Crescent,Toronto,5,4,3,Detached,899900,43.828438,-79.2760139,Banting & Best PS,Banting & Best PS,Albert Campbell CI
C12703410,319 50 O'neil Road,Toronto,1,1,1,Condo,429000,43.7623454,-79.408504,,,
C12703402,127 Sultana Avenue,Toronto,4,4,5,Detached,2999999,43.7266514,-79.4412612,Baycrest PS,Baycrest PS,John Polanyi CI
W12703378,24 Hartsdale Drive,Toronto,3,2,4,Detached,1298888,43.6859203,-79.5438588,Westway JS,Dixon Grove JMS,Richview CI
C12703354,444 Roxton Road,Toronto,8,7,1,Detached,3490000,43.6594909,-79.423479,Montrose Jr PS,King Edward Jr & Sr PS,Harbord CI
C12703330,1939 135 Lower Sherbourne Street,Toronto,2,1,0,Condo,489000,43.6454285,-79.3656063,Market Lane Jr & Sr PS,Market Lane Jr & Sr PS,Jarvis CI
C12703196,2315 1 Concord Cityplace Way,Toronto,1,1,0,Condo,599900,43.6454285,-79.3656063,,,
C12703264,2103 185 Roehampton Avenue,Toronto,2,2,1,Condo,665000,43.7089756,-79.3929623,Eglinton Jr PS,Hodgson MS,North Toronto CI
W12703252,181 Parkside Drive,Toronto,6,4,3,Detached,1595000,43.6437872,-79.4554925,Garden Avenue Jr PS,Fern Avenue Jr & Sr PS,Parkdale CI
C12703224,140 Rusholme Street,Toronto,6,3,2,Detached,1780000,43.6594909,-79.423479,Ossington-Old Orchard Jr PS,Alexander M G Ave Jr & Sr PS,Bloor CI
E12703220,2232A 125 Omni Drive E,Toronto,3,1,1,Detached,538000,43.6594909,-79.423479,St Andrews PS,St Andrews PS,D & M Thomson CI
W12703218,806 362 The East Mall,Toronto,3,2,1,Condo,599999,43.6319951,-79.5553006,West Glen JS,Bloorlea MS,Silverthorn CI
W12703216,1305 103 The Queensway,Toronto,2,2,1,Condo,709000,43.6362908,-79.4703742,Swansea Jr & Sr PS,Swansea Jr & Sr PS,Humberside CI
C12703208,810 375 King Street W,Toronto,1,1,0,Condo,480000,43.6481738,-79.3807241,Ogden Jr PS,Ryerson CS,Harbord CI
C12703160,246 Brighton Avenue,Toronto,4,2,3,Detached,1189000,43.7578448,-79.4565398,Bruce PS,Bruce PS,Riverdale CI
C12703124,15 Prattley Drive,Toronto,4,2,6,Detached,1475000,43.7824282,-79.35882,Lescon PS,Don Valley MS,Georges Vanier SS
E12703118,210 1100 Kingston Road,Toronto,3,2,1,Condo,795000,43.6814204,-79.2821078,Blantyre PS,Blantyre PS,Malvern CI
W12703100,229 Dunraven Drive,Toronto,5,4,6,Detached,1348800,43.684427,-79.4701785,Keelesdale Jr PS,Silverthorn CS,York Memorial CI
C12703074,2903 501 Yonge Street,Toronto,2,1,0,Condo,520000,43.6634346,-79.3835319,Church Street Jr PS,Jesse Ketchum Jr & Sr PS,Jarvis CI
C12703034,1711 5444 Yonge Street,Toronto,2,2,1,Condo,750000,43.6730826,-79.3882892,Churchill PS,Willowdale MS,Northview Heights SS
C12703024,2912 300 Front Street,Toronto,3,2,1,Condo,998000,43.6441606,-79.3894075,,,
C12702998,30 Glen Echo Road,Toronto,5,5,4,Detached,3149000,43.7341154,-79.4029417,Bedford Park PS,Bedford Park PS,Lawrence Park CI
C12702976,220 Homewood Avenue,Toronto,5,2,3,Detached,1489900,43.7885139,-79.4306703,Church Street Jr PS,Jesse Ketchum Jr & Sr PS,Jarvis CI
C12702960,116 Burnett Avenue,Toronto,4,3,4,Detached,1418000,43.7637049,-79.4171656,Cameron PS,Willowdale MS,Northview Heights SS
W12702882,56 Edenvale Crescent,Toronto,4,3,6,Detached,2199800,43.6774787,-79.5259517,Humber Valley Village JMS,Humber Valley Village JMS,Richview CI
C12702870,2610 23 Hollywood Avenue,Toronto,3,2,1,Condo,745000,43.7655921,-79.41086,Avondale PS,Avondale PS,Georges Vanier SS
C12702860,1501 28 Freeland Street,Toronto,2,1,0,Condo,685000,43.6444748,-79.3740714,Dundas Jr PS,Queen Alexandra MS,Jarvis CI
W12702826,1218 1830 Bloor Street,Toronto,2,2,1,Condo,649000,43.666155,-79.4877088,,,
E12702810,20 Keon Place,Toronto,5,4,5,Detached,905000,43.8057243,-79.2097221,Emily Carr PS,Emily Carr PS,West Hill CI
C12702804,102 5940 Yonge Street,Toronto,1,1,1,Condo,387900,43.7874075,-79.4181181,RJ Lang E & MS,RJ Lang E & MS,Newtonbrook SS
E12702800,1007 2350 Bridletowne Circle,Toronto,3,2,2,Condo,649000,43.7919767,-79.3130712,,,
E12702790,40 Leroy Avenue,Toronto,4,2,4,Detached,1080000,43.6890024,-79.3347163,RH McGregor ES,Cosburn MS,East York CI
E12702732,405 15 Sewells Road,Toronto,1,1,1,Condo,299900,43.8274964,-79.1995698,Grey Owl Jr PS,Dr Marion Hilliard Sr PS,Lester B Pearson CI
W12702714,15 Stevenharris Drive,Toronto,3,2,6,Detached,1099000,43.6291985,-79.5614982,Eatonville JS,Bloordale MS,Silverthorn CI
E12702654,166 Lynnbrook Drive,Toronto,6,2,3,Detached,998088,43.7723874,-79.2443045,North Bendale PS,North Bendale PS,Woburn CI
W12702538,712 25 Four Winds Drive,Toronto,2,1,1,Condo,459900,43.7658077,-79.4912212,Derrydown PS,Elia MS,CW Jefferys CI
W12702534,205 840 Queens Plate Drive,Toronto,3,2,1,Condo,649900,43.6319951,-79.5553006,Albion Heights JMS,Albion Heights JMS,West Humber CI
C12702510,1904 101 Erskine Avenue,Toronto,2,1,0,Condo,549000,43.7114706,-79.3953672,John Fisher Jr PS,Hodgson MS,North Toronto CI
C12702418,3111 30 Roehampton Avenue,Toronto,2,1,1,Condo,599000,43.7085945,-79.3975775,Eglinton Jr PS,Hodgson MS,North Toronto CI
C12702406,583 209 Fort York Boulevard,Toronto,2,1,1,Condo,625000,43.6407041,-79.3935507,The Waterfront School,The Waterfront School,Parkdale CI
C12702388,26 Fontainbleau Drive,Toronto,6,4,3,Detached,1088000,43.7934366,-79.4293559,Pleasant PS,RJ Lang E & MS,Newtonbrook SS
C12702376,3805 65 Bremner Boulevard,Toronto,3,2,1,Condo,838888,43.6404083,-79.3896785,Jean Lumb PS,Jean Lumb PS,Jarvis CI
C12702348,629 591 Sheppard Avenue E,Toronto,3,2,1,Condo,790000,43.7777739,-79.3459914,Crestview PS,Bayview MS,Georges Vanier SS
E12702342,812 Kennedy Road,Toronto,6,2,5,Detached,1050000,43.7340325,-79.2688797,Ionview PS,Ionview PS,Winston Churchill CI
C12702318,516 3 Everson Drive,Toronto,1,1,1,Condo,445000,43.7572032,-79.4068739,Avondale PS,Avondale PS,Georges Vanier SS
C12702294,329 Lippincott Street,Toronto,5,4,2,Detached,2450000,43.6643288,-79.4094471,King Edward Jr & Sr PS,King Edward Jr & Sr PS,Harbord CI
C12702284,49 Abitibi Avenue,Toronto,5,7,6,Detached,3350000,43.7969539,-79.416185,Lillian PS,Cummer Valley MS,Newtonbrook SS
E12702268,3 Shier Drive,Toronto,3,2,3,Detached,749000,43.7445876,-79.2264091,Cedarbrook PS,Cedarbrook PS,Cedarbrae CI
C12702262,203 350 Wellington Street W,Toronto,2,1,0,Condo,598000,43.6457992,-79.3857642,Ogden Jr PS,Ryerson CS,Harbord CI
C12702254,226 Broadway Avenue,Toronto,3,3,1,Detached,1595000,43.7118189,-79.3884011,John Fisher Jr PS,Hodgson MS,North Toronto CI
W12702240,3 Herzberg Gardens,Toronto,12,5,2,Detached,1248888,43.7660389,-79.4971765,Derrydown PS,Elia MS,CW Jefferys CI
E12702238,371 Strathmore Boulevard,Toronto,3,3,2,Detached,1349000,43.684501,-79.3217555,Earl Beatty Jr & Sr PS,Earl Beatty Jr & Sr PS,Monarch Park CI
W12702226,405 2464 Weston Road,Toronto,1,1,1,Condo,398800,43.7080585,-79.5347414,Pelmo Park PS,CR Marchant MS,Weston CI
C12702222,814 783 Bathurst Street,Toronto,3,1,1,Condo,899000,43.6654776,-79.4112318,King Edward Jr & Sr PS,King Edward Jr & Sr PS,Harbord CI
W12702184,303 245 Dalesford Road,Toronto,2,1,1,Condo,598000,43.6261467,-79.4907509,Norseman JMS,Norseman JMS,Etobicoke CI
C12702128,3010 35 Balmuto Street,Toronto,2,1,0,Condo,688000,43.6692449,-79.3876925,Jesse Ketchum Jr & Sr PS,Jesse Ketchum Jr & Sr PS,Jarvis CI
C12702110,911 8 York Street,Toronto,2,1,0,Condo,589000,43.6407814,-79.3806009,Baycrest PS,Baycrest PS,John Polanyi CI
C12702086,1105 501 St Clair Avenue W,Toronto,3,2,1,Condo,1049000,43.6829138,-79.4179726,Hillcrest CS,Winona Drive Sr PS,Oakwood CI
C12702072,916 5 Everson Drive,Toronto,3,2,1,Condo,638000,43.7572032,-79.4068739,Avondale PS,Avondale PS,Georges Vanier SS
C12702042,1703 3 Concord Cityplace Way,Toronto,2,2,1,Condo,739900,43.6454285,-79.3656063,,,
C12702026,3405 1 Yorkville Avenue,Toronto,3,2,1,Condo,1180000,43.6716481,-79.3888075,Jesse Ketchum Jr & Sr PS,Jesse Ketchum Jr & Sr PS,Jarvis CI
E12702000,1702 1350 Ellesmere Road,Toronto,3,2,1,Condo,647900,43.7718894,-79.2508251,Edgewood PS,Edgewood PS,D & M Thomson CI
E12701998,1115 1350 Ellesmere Road N,Toronto,2,2,0,Condo,409900,43.7718894,-79.2508251,Edgewood PS,Edgewood PS,D & M Thomson CI
E12701996,725 1350 Ellesmere Road,Toronto,2,2,1,Condo,528900,43.7702278,-79.2615674,Edgewood PS,Edgewood PS,D & M Thomson CI
W12701960,3106 2220 Lakeshore Boulevard W,Toronto,2,1,1,Condo,549000,43.613193,-79.4900006,,,
C12701956,1405 438 King Street W,Toronto,2,2,1,Condo,899800,43.6458317,-79.394595,Ogden Jr PS,Ryerson CS,Harbord CI
C12701944,1402 168 King St East Street,Toronto,2,2,1,Condo,999999,43.6504748,-79.3720885,,,
W12701942,510 3 Rowntree Road,Toronto,2,2,1,Condo,585000,43.7511738,-79.5849043,General Mercer Jr PS,Carleton Village Jr & Sr SWA,Oakwood CI
C12701934,47 Wycliffe Crescent,Toronto,7,7,7,Detached,4000000,43.7770804,-79.3877749,Elkhorn PS,Bayview MS,Earl Haig SS
E12701920,134 201 Alexmuir Boulevard,Toronto,4,3,2,Condo,798000,43.8102726,-79.2870771,Alexmuir Jr PS,Henry Kelsey Sr PS,Albert Campbell CI
E12701908,74 St Hubert Avenue,Toronto,4,2,2,Detached,1199000,43.6934911,-79.339505,Diefenbaker ES,Cosburn MS,East York CI
C12701896,3421 230 Simcoe Street,Toronto,1,1,0,Condo,519900,43.6535682,-79.3888769,Ogden Jr PS,Ryerson CS,Harbord CI
C12701894,222 30 Inn On The Park Drive,Toronto,3,3,1,Condo,1250000,43.7192451,-79.349366,Rippleton PS,Don Mills MS,Don Mills CI
C12701890,324 Old Yonge Street,Toronto,7,7,18,Detached,6880000,43.7508282,-79.4039688,Owen PS,St Andrew's MS,York Mills CI
C12701880,703 5 Defries Street,Toronto,2,1,0,Condo,549999,43.6604027,-79.3566137,Nelson Mandela Park PS,Nelson Mandela Park PS,Jarvis CI
C12701860,2807 9 Bogert Avenue,Toronto,3,2,1,Condo,699000,43.7587441,-79.4197189,Cameron PS,Willowdale MS,Northview Heights SS
C12701844,1903 88 Broadway Avenue,Toronto,3,2,2,Condo,899999,43.7109472,-79.3942823,John Fisher Jr PS,Hodgson MS,North Toronto CI
E12701834,905 225 Village Green Square,Toronto,2,1,1,Condo,468000,43.7772898,-79.2850969,Inglewood Heights Jr PS,John Buchan Sr PS,Stephen Leacock CI
C12701824,211 456 College Street,Toronto,2,1,1,Condo,768800,43.6591713,-79.3932873,Beaumonde Heights JMS,Beaumonde Heights JMS,Thistletown CI
C12701764,1509 28 Ted Rogers Way,Toronto,2,1,1,Condo,699000,43.6703401,-79.3799891,Jesse Ketchum Jr & Sr PS,Jesse Ketchum Jr & Sr PS,Jarvis CI
E12701760,657 Pharmacy Avenue,Toronto,4,4,3,Detached,1268000,43.7117742,-79.2915595,Clairlea PS,Clairlea PS,SATEC @ WA Porter CI
C12701734,121 900 Mount Pleasant Road,Toronto,2,2,1,Condo,698888,43.7159262,-79.3930836,John Fisher Jr PS,Hodgson MS,North Toronto CI
W12701696,3 68 Westholme Avenue,Toronto,4,3,0,Condo,1379000,43.6615724,-79.4793062,,,
C12701688,1301 60 Berwick Avenue,Toronto,1,1,1,Condo,499000,43.7038521,-79.3992821,Oriole Park Jr PS,Hodgson MS,North Toronto CI
C12701686,84 Ellerslie Avenue,Toronto,4,4,1,Detached,1630000,43.7708345,-79.4174455,Churchill PS,Willowdale MS,Northview Heights SS
W12701682,2 68 Westholme Avenue,Toronto,3,2,0,Condo,969000,43.6615724,-79.4793062,,,
E12701644,27 649E Warden Avenue,Toronto,3,1,3,Condo,635000,43.76454,-79.3017049,Birch Cliff PS,Birch Cliff PS,Birchmount Park CI
C12701604,504 350 Seneca Hill Drive,Toronto,3,2,1,Condo,610000,43.79071,-79.3560882,Crestview PS,Don Valley MS,Georges Vanier SS
W12701602,2502 830 Lawrence Avenue W,Toronto,3,2,1,Condo,650000,43.7147231,-79.4544137,Flemington PS,Lawrence Heights MS,John Polanyi CI
C12701588,3906 311 Bay Street,Toronto,2,2,1,Condo,1890000,43.6699149,-79.3895488,Market Lane Jr & Sr PS,Market Lane Jr & Sr PS,Jarvis CI
C12701584,807 14 York Street,Toronto,2,1,0,Condo,498800,43.6407814,-79.3806009,Baycrest PS,Baycrest PS,John Polanyi CI
W12701580,50 Arcadian Circle,Toronto,6,5,5,Detached,2100000,43.5929602,-79.5270782,,,
C12701544,1612 20 Edward Street,Toronto,2,1,0,Condo,688000,43.6554599,-79.3885919,Church Street Jr PS,Jesse Ketchum Jr & Sr PS,Jarvis CI
C12701538,21 Rolyat Street,Toronto,5,5,2,Detached,2299000,43.6485307,-79.4216634,Givins Shaw Jr PS,Alexander M G Ave Jr & Sr PS,Parkdale CI
C12701504,316 115 denison Avenue,Toronto,3,3,1,Condo,1295000,43.6515335,-79.4020452,Ryerson CS,Ryerson CS,Harbord CI
C12701484,506 8 The Esplanade Street,Toronto,2,1,0,Condo,619000,43.6515335,-79.4020452,,,
C12701482,501 115 Denison Avenue,Toronto,1,2,0,Condo,760000,43.6517865,-79.402032,Ryerson CS,Ryerson CS,Harbord CI
W12701480,65 Elnathan Crescent,Toronto,7,4,3,Detached,920000,43.7586107,-79.5675715,Gracedale PS,Humber Summit MS,Emery CI
W12701474,A21 296 Mill Road,Toronto,3,2,1,Condo,499000,43.637823,-79.5838782,Armour Heights PS,Armour Heights PS,York Mills CI */ Northern SS
C12701468,1602 955 Bay Street,Toronto,1,1,0,Condo,499000,43.6645558,-79.3871249,Jesse Ketchum Jr & Sr PS,Jesse Ketchum Jr & Sr PS,Jarvis CI
C12701444,212 Cummer Avenue,Toronto,6,3,8,Detached,2550000,43.7894044,-79.4071064,Lillian PS,Cummer Valley MS,Newtonbrook SS
E12701352,3079 pharmacy Avenue,Toronto,2,2,1,Detached,799000,43.7959401,-79.3268123,Beverly Glen Jr PS,Sir Ernest MacMillan Sr PS,L'Amoreaux CI
C12701332,4606 38 Widmer Street,Toronto,3,2,1,Condo,1049000,43.6469479,-79.3913076,Ogden Jr PS,Ryerson CS,Harbord CI
C12701286,57 Cobblestone Drive,Toronto,6,4,4,Detached,1520000,43.7860111,-79.3645898,Crestview PS,Don Valley MS,Georges Vanier SS
C12701310,1506 8 Mercer Street,Toronto,2,1,0,Condo,585000,43.6455833,-79.3910848,Ogden Jr PS,Ryerson CS,Harbord CI
W12701306,30 Michael Power Place,Toronto,3,3,1,Detached,960000,43.6447619,-79.531351,Islington JMS,Islington JMS,Etobicoke CI
E12701236,9 Everett Crescent,Toronto,2,1,0,Detached,699000,43.6956735,-79.309727,Parkside ES,DA Morrison MS,East York CI
W12701232,167 SHOREHAM Drive,Toronto,7,5,5,Detached,1159000,43.7666295,-79.5292935,Blacksmith PS,Brookview MS,Westview Centennial SS
C12701212,34 Tollerton Avenue,Toronto,3,3,6,Detached,1288000,43.7888362,-79.3874787,Steelesview PS,Zion Heights MS,AY Jackson SS
C12701180,840 Richmond Street W,Toronto,3,4,2,Detached,2999800,43.6446513,-79.4115266,Niagara Street Jr PS,Ryerson CS,Parkdale CI
C12701062,316 35 Hollywood Avenue,Toronto,1,1,1,Condo,509888,43.7680102,-79.401352,Avondale PS,Avondale PS,Georges Vanier SS
C12701052,3609 180 University Avenue,Toronto,2,3,1,Condo,2779000,43.6489079,-79.3860758,Ogden Jr PS,Ryerson CS,Jarvis CI
W12701040,1002 3 Michael Power Place,Toronto,2,2,1,Condo,599000,43.6442838,-79.5302355,Islington JMS,Islington JMS,Etobicoke CI
E12700976,309 175 Bamburgh Circle,Toronto,3,2,2,Condo,588000,43.8125538,-79.3215833,,,
W12700946,2310 710 Humberwood Boulevard,Toronto,2,1,1,Condo,474000,43.7247639,-79.6165755,Albion Heights JMS,Albion Heights JMS,West Humber CI
C12700902,717 19 Singer Court,Toronto,2,1,0,Condo,449999,43.7696586,-79.3700803,Crestview PS,Bayview MS,Georges Vanier SS
E12700890,101 1483 Birchmount Road,Toronto,3,2,1,Condo,495000,43.7571545,-79.2885985,Ellesmere-Statton PS,Ellesmere-Statton PS,Winston Churchill CI
C12700866,2310 81 Navy Wharf Court,Toronto,2,2,1,Condo,779900,43.6413882,-79.3914703,Jean Lumb PS,Jean Lumb PS,Harbord CI
W12700836,A105 160 Canon Jackson Drive,Toronto,1,1,1,Condo,499000,43.6975628,-79.4738048,Charles E Webster PS,Charles E Webster PS,York Memorial CI
E12700818,21 Faircroft Boulevard,Toronto,3,1,3,Detached,1695000,43.7297621,-79.2262275,Fairmount PS,Fairmount PS,RH King Academy */ Sir Wilfrid Laurier CI
C12700816,607 45 Carlton Street,Toronto,4,2,1,Condo,779900,43.6620276,-79.3786055,Church Street Jr PS,Jesse Ketchum Jr & Sr PS,Jarvis CI
C12700724,912 11 Wellesley Street W,Toronto,0,1,0,Condo,390000,43.6631139,-79.3929547,Church Street Jr PS,Jesse Ketchum Jr & Sr PS,Jarvis CI
W12700700,412 556 Marlee Avenue,Toronto,2,2,1,Condo,699000,43.7046772,-79.4420641,Glen Park PS,Lawrence Heights MS */ Ledbury Park E & MS,John Polanyi CI
C12700696,1611 2020 Bathurst Street,Toronto,0,1,0,Condo,388000,43.6654776,-79.4112318,Cedarvale CS,Cedarvale CS,Forest Hill CI
E12700646,3501 2033 Kennedy Road,Toronto,2,2,1,Condo,619900,43.7575296,-79.2782765,Pauline Johnson Jr PS,John Buchan Sr PS,Stephen Leacock CI
C12700666,613 60 Tannery Road,Toronto,2,2,1,Condo,769000,43.6536286,-79.3549871,Dundas Jr PS,Queen Alexandra MS,Jarvis CI
C12700656,48 Wimpole Drive,Toronto,7,9,14,Detached,7800000,43.7601402,-79.3817983,Harrison PS,Windfields MS,York Mills CI
C12700648,121 Markham Street,Toronto,4,5,2,Detached,2495000,43.6510122,-79.4067081,Rolph Road ES,Bessborough Drive E & MS,Leaside HS
C12700624,1609 111 Bathurst Street,Toronto,1,1,0,Condo,689900,43.6450068,-79.4027724,Ryerson CS,Ryerson CS,Harbord CI
C12700608,176 Balmoral Avenue,Toronto,5,6,5,Detached,6498000,43.6843313,-79.4015099,Brown Jr PS,Deer Park Jr & Sr PS,Oakwood CI
C12700596,1603 50 Ordnance Street,Toronto,1,1,1,Condo,495000,43.639732,-79.4096397,Niagara Street Jr PS,Ryerson CS,Parkdale CI
C12700594,1505 160 Vanderhoof Avenue,Toronto,2,2,1,Condo,598000,43.7144444,-79.3531137,Bennington Heights ES,Bessborough Drive E & MS,Leaside HS
C12700580,7 Golden Lion Heights,Toronto,3,3,1,Detached,850000,43.7857189,-79.4163004,Lillian PS,Cummer Valley MS,Newtonbrook SS
E12700574,1011 20 Guildwood Parkway,Toronto,3,2,2,Condo,999000,43.7491492,-79.2048836,,,
E12700540,37 St. Magnus Drive,Toronto,4,4,4,Detached,2100000,43.788174,-79.1492787,,,
C12700536,2107 11 Bogert Avenue,Toronto,3,2,1,Condo,828000,43.7587441,-79.4197189,Cameron PS,Willowdale MS,Northview Heights SS
E12700480,647 Rhodes Avenue,Toronto,4,4,1,Detached,1179000,43.680956,-79.3237514,Earl Haig PS,Earl Haig PS,Monarch Park CI
W12700330,92 Harding Avenue,Toronto,3,2,2,Detached,988000,43.7006059,-79.498555,Brookhaven PS,Amesbury MS,Weston CI
C12700294,505 777 Steeles Avenue,Toronto,2,1,1,Condo,498000,43.8106855,-79.3118788,,,
E12700286,1104 3151 Bridletowne Circle,Toronto,3,2,1,Condo,499900,43.7919767,-79.3130712,,,
C12700280,409 10 Morrison Street,Toronto,2,1,1,Condo,719000,43.5998514,-79.5005189,Ryerson CS,Ryerson CS,Harbord CI
C12700260,519 560 Front Street W,Toronto,2,1,1,Condo,639000,43.6439711,-79.3907954,Ryerson CS,Ryerson CS,Harbord CI
C12700256,61 Whittaker Crescent,Toronto,5,3,4,Detached,1999900,43.7722901,-79.3783725,Elkhorn PS,Bayview MS,Earl Haig SS
C12700238,5504 8 The Esplanade,Toronto,2,2,1,Condo,849000,43.6461798,-79.3763003,Rosethorn JS,Humber Valley Village JMS,Richview CI
C12700196,1107 11 Wellesley Street W,Toronto,2,1,1,Condo,679000,43.6631139,-79.3929547,Church Street Jr PS,Jesse Ketchum Jr & Sr PS,Jarvis CI
C12700190,275 Fairlawn Avenue,Toronto,4,4,2,Detached,2339000,43.7286645,-79.4134954,John Wanless Jr PS,Glenview Sr PS,Lawrence Park CI
E12700130,223 2799 Kingston Road,Toronto,2,2,1,Condo,680000,43.720123,-79.2377091,Fairmount PS,Fairmount PS,RH King Academy
C12700126,3306 395 Bloor Street E,Toronto,2,1,0,Condo,428800,43.6720526,-79.3776575,Rose Avenue Jr PS,Winchester Jr & Sr PS,Jarvis CI
W12700122,10 De Boers Drive,Toronto,2,2,1,Detached,509000,43.7520491,-79.4668298,Dublin Heights E & MS,Dublin Heights E & MS,William L Mackenzie CI
W12700108,718 2200 Lakeshore Boulevard W,Toronto,2,1,1,Condo,538000,43.6224472,-79.4822192,,,
W12700092,2906 88 Park Lawn Road,Toronto,3,2,2,Condo,1219000,43.6263234,-79.4868598,Etienne Brule JS,Park Lawn JMS,Lakeshore CI
C12700082,706 105 George Street,Toronto,2,2,1,Condo,595000,43.6102026,-79.4944629,HJ Alexander CS,CR Marchant MS,Weston CI
C12699970,1201 393 King Street W,Toronto,2,1,1,Condo,911500,43.6453431,-79.3936741,Ogden Jr PS,Ryerson CS,Harbord CI
E12699946,1022 1883 Mcnicoll Avenue,Toronto,2,2,1,Condo,569000,43.8075672,-79.3163756,,,
C12699910,148 Highland Crescent,Toronto,6,7,6,Detached,6580000,43.7448766,-79.3851297,Whitney Jr PS,Deer Park Jr & Sr PS,Jarvis CI
E12699908,276 Guildwood Parkway,Toronto,4,2,3,Detached,1099000,43.7500068,-79.1883596,,,
C12699892,S322 455 Front Street E,Toronto,2,2,0,Condo,559000,43.652873,-79.356605,Dundas Jr PS,Queen Alexandra MS,Jarvis CI
C12699880,310 39 Pemberton Avenue,Toronto,2,2,1,Condo,559000,43.7811607,-79.4135739,Finch PS,Cummer Valley MS,Earl Haig SS
E12699872,153 Sammon Avenue,Toronto,4,2,1,Detached,1345000,43.6853032,-79.3416936,Chester ES,Westwood MS,East York CI
C12699824,223 1900 Bayview Avenue,Toronto,2,2,2,Condo,1299000,43.7171698,-79.3798473,Bedford Park PS,Bedford Park PS,York Mills CI */ Northern SS
C12699780,238 River Street,Toronto,2,2,1,Detached,999000,43.6645288,-79.3597378,Sprucecourt PS,Sprucecourt PS,Jarvis CI
W12699750,27 Belleglade Court,Toronto,5,2,6,Detached,999999,43.7357681,-79.5463297,Gulfstream PS,Gulfstream PS,Emery CI
C12699746,708 2 Covington Road,Toronto,2,2,1,Condo,689900,43.7206361,-79.4316521,Glen Park PS,Ledbury Park E & MS,John Polanyi CI
E12699742,292 Highfield Road,Toronto,3,2,0,Detached,1190000,43.673293,-79.3257319,Roden PS,Roden PS,Riverdale CI
W12699740,3607 1926 Lakeshore Boulevard W,Toronto,1,2,1,Condo,698000,43.613193,-79.4900006,,,
C12699726,711 18 Valley Woods Road,Toronto,1,1,1,Condo,399999,43.7541747,-79.3327717,Three Valleys PS,Milne Valley MS,George S Henry Academy
W12699718,2722 30 Shore Breeze Drive,Toronto,1,1,1,Condo,520000,43.6239114,-79.4797115,Etienne Brule JS,Park Lawn JMS,Lakeshore CI
C12699708,522 22 Leader Lane,Toronto,1,1,0,Condo,515000,43.6487958,-79.3753627,Market Lane Jr & Sr PS,Market Lane Jr & Sr PS,Jarvis CI
C12699696,402 5 Defries Street,Toronto,1,1,0,Condo,399900,43.6604027,-79.3566137,Nelson Mandela Park PS,Nelson Mandela Park PS,Jarvis CI
W12699660,806 88 Palace Pier Court,Toronto,2,2,1,Condo,599900,43.6306104,-79.4739282,Etienne Brule JS,Park Lawn JMS,Lakeshore CI
E12699650,504 40 Chichester Place,Toronto,2,2,1,Condo,515000,43.7762785,-79.3204751,Fairglen Jr PS,JB Tyrrell Sr PS,Sir John A Macdonald CI
C12699590,604 65 Spring Garden Avenue,Toronto,3,2,1,Condo,1199800,43.7663217,-79.4004549,Avondale PS,Avondale PS,Earl Haig SS
C12699562,3612 252 Church Street,Toronto,2,2,0,Condo,605000,43.6562171,-79.3773771,Lord Dufferin Jr & Sr PS,Lord Dufferin Jr & Sr PS,Jarvis CI
C12699530,405 2550 Bathurst Street N,Toronto,1,1,1,Condo,349000,43.7066465,-79.4271849,West Preparatory Jr PS,Forest Hill Jr & Sr PS,Forest Hill CI
C12699524,618 255 Richmond Street E,Toronto,1,1,1,Condo,554900,43.6527445,-79.3746734,Market Lane Jr & Sr PS,Market Lane Jr & Sr PS,Jarvis CI
C12699486,2111 8 Wellesley Street W,Toronto,2,2,0,Condo,660000,43.6631139,-79.3929547,Jesse Ketchum Jr & Sr PS,Jesse Ketchum Jr & Sr PS,Jarvis CI
W12699480,19 Royaleigh Avenue,Toronto,3,1,4,Detached,999000,43.6987455,-79.5321311,Westmount JS,Hilltop MS,Kipling CI
C12699374,709 8 Scollard Street,Toronto,0,1,0,Condo,429999,43.6717114,-79.3925486,Jesse Ketchum Jr & Sr PS,Jesse Ketchum Jr & Sr PS,Jarvis CI
C12699322,394 Connaught Avenue,Toronto,6,6,6,Detached,2899000,43.7855023,-79.435705,Duke of Connaught Jr & Sr PS,Duke of Connaught Jr & Sr PS,Riverdale CI
C12699280,902 6 Sonic Way,Toronto,2,2,1,Condo,499000,43.7193796,-79.3360519,Rippleton PS,Don Mills MS,Don Mills CI
W12699208,132 Wallace Avenue,Toronto,4,3,2,Detached,1399000,43.6630686,-79.441724,Pauline Jr PS,Dovercourt PS,Bloor CI
C12699242,340 15 Merchants' Wharf,Toronto,2,1,1,Condo,690000,43.6443561,-79.3633184,Dundas Jr PS,Queen Alexandra MS,Jarvis CI
C12699236,2002 55 Ann O'reilly Road,Toronto,3,2,1,Condo,652000,43.7740492,-79.3295139,Muirhead PS,Pleasant View MS,Sir John A Macdonald CI
C12699184,239 Empress Avenue,Toronto,4,2,3,Detached,1398000,43.7718394,-79.4006107,Hollywood PS,Bayview MS,Earl Haig SS
C12699086,27 King High Avenue,Toronto,4,2,3,Detached,1200000,43.7370278,-79.4429752,Faywood Arts-Based Curriculum School,Faywood Arts-Based Curriculum School,William L Mackenzie CI
C12699176,652 Bedford Park Avenue,Toronto,6,7,4,Detached,5888000,43.7222107,-79.4285246,Ledbury Park E & MS,Ledbury Park E & MS,John Polanyi CI
E12699158,47 Manorglen Crescent,Toronto,4,2,5,Detached,1088800,43.7795909,-79.2719204,CD Farquharson Jr PS,Sir Alexander MacKenzie Sr PS,Agincourt CI
C12699146,130 York Mills Road,Toronto,5,6,4,Detached,3200888,43.7457995,-79.3959085,Owen PS,St Andrew's MS,York Mills CI
E12699102,906 180 Markham Road,Toronto,2,2,1,Condo,399977,43.761518,-79.2264429,Rolph Road ES,Bessborough Drive E & MS,Leaside HS
C12699098,303 1369 Bloor Street W,Toronto,1,1,1,Condo,548000,43.6574007,-79.445735,Perth Avenue Jr PS,Brock PS,Bloor CI
C12698974,32 Argyle Street,Toronto,5,3,2,Detached,1690000,43.6473495,-79.4184232,Givins Shaw Jr PS,Alexander M G Ave Jr & Sr PS,Parkdale CI
C12698920,204 1 Post Road,Toronto,2,3,2,Condo,2999000,43.7376574,-79.3767058,Owen PS,St Andrew's MS,York Mills CI
C12698904,1632 Bathurst Street,Toronto,3,2,2,Detached,1349000,43.692399,-79.4223795,Cedarvale CS,Cedarvale CS,Forest Hill CI
W12698866,212 252 Royal York Road,Toronto,2,2,1,Condo,699000,43.6860877,-79.5288272,Humber Valley Village JMS,Humber Valley Village JMS,Etobicoke CI
C12698848,415 155 Merchants' Wharf,Toronto,3,3,2,Condo,2299900,43.6443561,-79.3633184,Dundas Jr PS,Queen Alexandra MS,Jarvis CI
E12698832,22 Samuel Teitel Court,Toronto,5,4,10,Detached,1285000,43.8245352,-79.211882,Heritage Park PS,Heritage Park PS,West Hill CI
C12698828,74 Montrose Avenue,Toronto,3,3,1,Detached,1749000,43.6520129,-79.4168173,Charles G Fraser Jr PS,Alexander M G Ave Jr & Sr PS,Harbord CI
E12698822,4A Holborne Avenue,Toronto,3,4,2,Detached,1049900,43.6939627,-79.3215782,RH McGregor ES,Cosburn MS,East York CI
E12698808,703 1145 Logan Avenue,Toronto,2,1,1,Condo,519900,43.6893946,-79.3534857,Chester ES,Westwood MS,East York CI
W12698802,38 Guthrie Avenue,Toronto,3,3,4,Detached,1299000,43.631075,-79.4887073,Etienne Brule JS,Park Lawn JMS,Etobicoke CI
W12698788,304 10 Gibbs Road,Toronto,2,1,1,Condo,475000,43.6382637,-79.5575521,West Glen JS,Bloorlea MS,Silverthorn CI
E12698772,56 71 Cass Avenue,Toronto,4,2,1,Condo,599000,43.7766008,-79.3019412,Lynngate Jr PS,John Buchan Sr PS,Stephen Leacock CI
W12698754,1104 5229 Dundas Street W,Toronto,3,2,2,Condo,749000,43.6601691,-79.5129249,Wedgewood JS,Bloorlea MS,Etobicoke CI
W12698748,37 Thompson Avenue,Toronto,5,4,5,Detached,2749000,43.645306,-79.5138492,Lamberton PS,Elia MS,CW Jefferys CI
E12698708,1416 20 Guildwood Parkway,Toronto,2,2,1,Condo,590000,43.7491492,-79.2048836,,,
C12698700,51B Burnaby Boulevard,Toronto,3,3,1,Detached,1995000,43.705613,-79.4078958,North Preparatory Jr PS,Glenview Sr PS,North Toronto CI
W12698698,1002 50 Thomas Riley Road,Toronto,2,2,1,Condo,650000,43.6338451,-79.5408229,Wedgewood JS,Bloorlea MS,Etobicoke CI
E12698688,Ph3 151 Village Green Square,Toronto,2,2,1,Condo,499000,43.7785777,-79.28131,Inglewood Heights Jr PS,John Buchan Sr PS,Stephen Leacock CI
C12698680,1407 55 Bremner Boulevard,Toronto,2,2,1,Condo,735900,43.6422662,-79.3807701,Jean Lumb PS,Jean Lumb PS,Jarvis CI
C12698656,54 Thursfield Crescent,Toronto,3,2,1,Detached,1450000,43.7160814,-79.3573098,Northlea E & MS,Northlea E & MS,Leaside HS
W12698648,116 256 John Garland Boulevard,Toronto,5,3,1,Condo,609000,43.7337993,-79.5933396,Albion Heights JMS,Albion Heights JMS,West Humber CI
C12698644,244 Grace Street,Toronto,4,2,2,Detached,1850000,43.657768,-79.4169575,John McCrae PS,John McCrae PS,Cedarbrae CI
W12698638,TH13 40 Ed Clark Gardens Boulevard,Toronto,3,2,1,Condo,865000,43.6750702,-79.4656123,,,
C12698614,902 250 Lawrence Avenue,Toronto,2,1,1,Condo,599000,43.7273707,-79.4173442,,,
C12698606,221 Dunvegan Road,Toronto,7,6,6,Detached,14500000,43.6983272,-79.4114684,Forest Hill Jr & Sr PS,Forest Hill Jr & Sr PS,Forest Hill CI
C12698586,84 Old Forest Hill Road,Toronto,6,8,6,Detached,15888000,43.6989805,-79.4181612,Forest Hill Jr & Sr PS,Forest Hill Jr & Sr PS,Forest Hill CI
E12698526,195 Phyllis Avenue,Toronto,5,3,6,Detached,999900,43.7307617,-79.2294395,HA Halbert Jr PS,Bliss Carman Sr PS,RH King Academy */ Sir Wilfrid Laurier CI
W12698524,1411 236 Albion Road,Toronto,5,1,0,Condo,432000,43.722001,-79.5439936,Oakridge Jr PS,Samuel Hearne MS,Birchmount Park CI
C12698498,1906 10 Inn On The Park Drive,Toronto,1,1,1,Condo,539000,43.7192451,-79.349366,Rippleton PS,Don Mills MS,Don Mills CI
C12698480,55 Banff Road,Toronto,3,2,2,Detached,1350000,43.7090625,-79.3817793,Maurice Cody Jr PS,Hodgson MS,Northern SS
E12698408,11 Merrill Avenue W,Toronto,7,5,0,Condo,2399000,43.6820206,-79.3187596,Earl Haig PS,Earl Haig PS,Monarch Park CI
E12698412,96 Pitfield Road,Toronto,4,3,4,Detached,1388888,43.7830101,-79.2692282,CD Farquharson Jr PS,Sir Alexander MacKenzie Sr PS,Agincourt CI
E12698410,173 Coxwell Avenue,Toronto,3,2,0,Detached,759999,43.6709978,-79.318249,Bowmore Road Jr & Sr PS,Bowmore Road Jr & Sr PS,Monarch Park CI
W12698398,204 2121 Lake Shore Boulevard W,Toronto,2,2,1,Condo,660000,43.6274438,-79.4784212,Etienne Brule JS,Park Lawn JMS,Lakeshore CI
E12698368,103 Weir Crescent,Toronto,4,3,4,Detached,1249000,43.7745179,-79.1949049,St Margaret's PS,St Margaret's PS,West Hill CI
W12698360,710 2083 Lake Shore Boulevard W,Toronto,2,2,2,Condo,749900,43.6298968,-79.476791,Etienne Brule JS,Park Lawn JMS,Lakeshore CI
E12698352,3 Chestermere Boulevard,Toronto,4,2,3,Detached,849900,43.7491982,-79.2293552,Cedarbrook PS,Cedarbrook PS,Cedarbrae CI
E12698344,4 Leafield Drive,Toronto,3,4,3,Detached,1288000,43.7826206,-79.3249319,Fairglen Jr PS,JB Tyrrell Sr PS,Sir John A Macdonald CI
C12698310,803 5500 Yonge Street,Toronto,2,1,1,Condo,658000,43.7781842,-79.41584,Churchill PS,Willowdale MS,Northview Heights SS
W12698308,493 Jane Street,Toronto,3,2,1,Detached,799000,43.6615948,-79.4893135,King George Jr PS,Humbercrest PS,Runnymede CI
E12698298,17 Kawneer Terrace,Toronto,5,4,6,Detached,998000,43.76526,-79.2741213,,,
C12698272,45 Pleasant Boulevard,Toronto,3,3,2,Detached,1189000,43.6873539,-79.3917973,Deer Park Jr & Sr PS,Deer Park Jr & Sr PS,Jarvis CI
E12698270,1603 400 Mclevin Avenue,Toronto,2,2,2,Condo,480000,43.7985817,-79.240652,Mary Shadd PS,Mary Shadd PS,Lester B Pearson CI
W12698256,31 15 William Jackson Way,Toronto,3,3,1,Condo,788000,43.6010771,-79.5125305,Twentieth Street JS,Second Street JMS,Lakeshore CI
C12698250,4809 14 York Street,Toronto,2,1,0,Condo,399000,43.6663464,-79.3167896,Baycrest PS,Baycrest PS,John Polanyi CI
C12698238,1501 200 Bloor Street W,Toronto,2,2,1,Condo,1139000,43.6685845,-79.3952985,Huron Street Jr PS,Jesse Ketchum Jr & Sr PS,Jarvis CI
C12698234,513 11 St Joseph Street,Toronto,3,3,1,Condo,859000,43.666028,-79.3851588,Jesse Ketchum Jr & Sr PS,Jesse Ketchum Jr & Sr PS,Jarvis CI
E12698230,2411 50 Town Centre Court,Toronto,2,1,1,Condo,539000,43.7732555,-79.2552683,St Andrews PS,St Andrews PS,D & M Thomson CI
C12698206,1103 125 Blue Jays Way,Toronto,2,1,0,Condo,536000,43.6417792,-79.3913416,Ogden Jr PS,Ryerson CS,Harbord CI
E12698178,508 195 Bonis Avenue,Toronto,2,1,0,Condo,439000,43.7859586,-79.2912378,Tam O'Shanter Jr PS,John Buchan Sr PS,Stephen Leacock CI
E12698176,99 Poplar Road,Toronto,6,3,3,Detached,1199999,43.7592371,-79.187966,Wedgewood JS,Bloorlea MS,Etobicoke CI
C12698174,502 500 Sherbourne Street,Toronto,2,1,1,Condo,609990,43.6507982,-79.3680395,Church Street Jr PS,Jesse Ketchum Jr & Sr PS,Jarvis CI
W12698168,1408 41 Markbrook Lane,Toronto,3,2,1,Condo,519999,43.7591574,-79.5875678,John D Parker JS,Smithfield MS,North Albion CI
C12698146,1001 17 Bathurst Street,Toronto,2,1,0,Condo,499000,43.6403595,-79.40125,The Waterfront School,The Waterfront School,Harbord CI
C12698144,3803 8 The Esplanade Avenue,Toronto,2,1,1,Condo,680000,43.6515335,-79.4020452,,,
C12698142,Lph04 5180 Yonge Street,Toronto,3,2,2,Condo,990000,43.7702255,-79.4133065,Churchill PS,Willowdale MS,Northview Heights SS
E12698140,44 Cliffside Drive,Toronto,4,2,3,Detached,999999,43.7035961,-79.251005,Cliffside PS,Cliffside PS,Birchmount Park CI
E12698120,110 Acheson Boulevard,Toronto,4,4,4,Detached,1419888,43.7834437,-79.1538776,Centennial Road Jr PS,Joseph Howe Sr PS,Sir Oliver Mowat CI
C12698106,3209 11 Bogert Avenue,Toronto,2,2,1,Condo,609800,43.7587441,-79.4197189,Cameron PS,Willowdale MS,Northview Heights SS
W12698098,909 10 De Boers Drive,Toronto,2,2,1,Condo,499000,43.7514106,-79.464997,Dublin Heights E & MS,Dublin Heights E & MS,William L Mackenzie CI
C12698056,PH03 28 Hollywood Avenue,Toronto,2,1,2,Condo,549000,43.7667078,-79.4103209,McKee PS,Bayview MS,Earl Haig SS
W12698044,421 36 Zorra Street E,Toronto,2,1,0,Condo,518000,43.6319951,-79.5553006,Castlebar JS,Norseman JMS,Etobicoke CI
C12698042,3102 9 Bogert Avenue,Toronto,3,2,1,Condo,866500,43.7602837,-79.4112099,Cameron PS,Willowdale MS,Northview Heights SS
C12698032,4001 5 St. Joseph Street,Toronto,1,1,0,Condo,549990,43.6655998,-79.38556,Weston Memorial Jr PS,CR Marchant MS,Weston CI
C12698018,1511 8 Tippett Road,Toronto,2,2,0,Condo,599000,43.7338612,-79.4469366,Faywood Arts-Based Curriculum School,Faywood Arts-Based Curriculum School,William L Mackenzie CI
C12698010,1418 55 Harbour Square,Toronto,2,2,1,Condo,1199000,43.6400264,-79.3800931,Island Public Natural Science School,The Waterfront School,Jarvis CI
W12697934,205 1001 Roselawn Avenue,Toronto,3,2,1,Condo,799900,43.7008467,-79.4467322,Fairbank PS,Fairbank PS,York Memorial CI
C12697916,08 11 Yorkville Avenue,Toronto,0,1,0,Condo,599990,43.6712532,-79.3907133,Jesse Ketchum Jr & Sr PS,Jesse Ketchum Jr & Sr PS,Jarvis CI
C12697896,1906 8 York Street,Toronto,3,2,1,Condo,799000,43.6407814,-79.3806009,Baycrest PS,Baycrest PS,John Polanyi CI
C12697852,112 Lindsey Avenue,Toronto,3,3,2,Detached,1295000,43.653256,-79.4348071,Brock PS,Brock PS,Bloor CI
W12697846,306 9 Valhalla Inn Road,Toronto,1,1,1,Condo,449000,43.6410186,-79.5599088,West Glen JS,Bloorlea MS,Silverthorn CI
C12697842,1303 327 King Street W,Toronto,1,1,0,Condo,479000,43.6461484,-79.3911251,Ogden Jr PS,Ryerson CS,Harbord CI
C12697818,1211 501 St. Clair Avenue W,Toronto,2,2,1,Condo,749900,43.6829138,-79.4179726,Stanley PS,Oakdale Park MS,Westview Centennial SS
W12697794,409 75 Emmett Avenue,Toronto,4,2,1,Condo,639900,43.6899161,-79.5016171,Portage Trail CS,Portage Trail CS,Weston CI
W12697746,209 252 Royal York Road,Toronto,2,2,1,Condo,759000,43.6860877,-79.5288272,Humber Valley Village JMS,Humber Valley Village JMS,Etobicoke CI
W12697702,6 Brantley Crescent,Toronto,4,3,6,Detached,1059000,43.7506048,-79.5022113,Lamberton PS,Elia MS,CW Jefferys CI
C12697670,1106 195 Wynford Drive,Toronto,3,2,1,Condo,695000,43.7237065,-79.3253483,Gateway PS,Valley Park MS */ Don Mills MS,Marc Garneau CI */ Don Mills CI
W12697620,411 41 Markbrook Lane,Toronto,2,2,1,Condo,524999,43.7591574,-79.5875678,John D Parker JS,Smithfield MS,North Albion CI
C12697580,716 121 Mcmahon Drive,Toronto,2,1,1,Condo,499000,43.7677129,-79.3706245,Crestview PS,Bayview MS,Georges Vanier SS
W12697550,ph04 330 Dixon Road,Toronto,3,2,1,Condo,598888,43.6959732,-79.5530555,Kew Beach Jr PS,Bowmore Road Jr & Sr PS,Monarch Park CI
E12697544,35 Rivendell Trail,Toronto,4,4,4,Detached,1329999,43.8333307,-79.2273674,,,
C12697524,821 31 Tippett Road,Toronto,1,1,0,Condo,450000,43.7338612,-79.4469366,Faywood Arts-Based Curriculum School,Faywood Arts-Based Curriculum School,William L Mackenzie CI
C12697514,905 1360 York Mills Road,Toronto,2,1,1,Condo,445000,43.764107,-79.3192105,Roywood PS,Donview MHWA,George S Henry Academy
E12697512,634 Staines Road,Toronto,3,3,2,Detached,969800,43.8393925,-79.2325099,Brookside PS,Brookside PS,Lester B Pearson CI
W12697500,16 Piggott Mews,Toronto,3,2,2,Detached,750000,43.7071129,-79.5314617,Pelmo Park PS,CR Marchant MS,Weston CI
C12697488,TH-112 25 Malcolm Road,Toronto,2,3,1,Condo,1149000,43.7031193,-79.3613741,Rolph Road ES,Bessborough Drive E & MS,Leaside HS
C12697484,613 608 Richmond Street W,Toronto,1,1,0,Condo,529000,43.6511559,-79.381032,Ryerson CS,Ryerson CS,Harbord CI
C12697470,1408 75 Graydon Hall Drive,Toronto,3,2,1,Condo,658000,43.7639091,-79.341989,Rene Gordon HWA,Donview MHWA,George S Henry Academy
C12697468,119 Seaton Street,Toronto,3,2,1,Detached,1299000,43.6577818,-79.3690113,Lord Dufferin Jr & Sr PS,Lord Dufferin Jr & Sr PS,Jarvis CI
C12697430,78 Gerald Street,Toronto,5,6,9,Detached,4380000,43.76133,-79.3836742,Harrison PS,Windfields MS,York Mills CI
C12697414,720 629 King Street W,Toronto,1,1,0,Condo,408900,43.6481738,-79.3807241,Ryerson CS,Ryerson CS,Harbord CI
W12697410,113 20 Foundry Avenue,Toronto,3,2,1,Condo,749000,43.6693376,-79.4488114,Carleton Village Jr & Sr SWA,Carleton Village Jr & Sr SWA,Oakwood CI
C12697378,23 Alcorn Avenue,Toronto,4,3,0,Detached,2295000,43.6817357,-79.3930193,Cottingham Jr PS,Jesse Ketchum Jr & Sr PS,Jarvis CI
C12697366,808 Millwood Road,Toronto,3,3,5,Detached,1699000,43.7050716,-79.3699811,Bessborough Drive E & MS,Bessborough Drive E & MS,Leaside HS
W12697324,502 299 Mill Road,Toronto,3,2,1,Condo,534000,43.6378249,-79.5826304,Armour Heights PS,Armour Heights PS,York Mills CI */ Northern SS
W12697260,31 Third Street,Toronto,5,4,3,Detached,3299900,43.6001292,-79.4998236,Island Public Natural Science School,The Waterfront School,Jarvis CI
C12697274,416 21 Burkebrook Place,Toronto,2,2,1,Condo,1224000,43.7176628,-79.3758351,Blythwood Jr PS,Glenview Sr PS,York Mills CI */ Northern SS
C12697246,247 Drewry Avenue,Toronto,4,4,8,Detached,1358000,43.7844984,-79.4286014,RJ Lang E & MS,RJ Lang E & MS,Newtonbrook SS
C12697172,673 Crawford Street,Toronto,3,4,1,Detached,1688000,43.6614129,-79.4213845,Montrose Jr PS,King Edward Jr & Sr PS,Harbord CI
E12697170,709 50 Brian Harrison Way,Toronto,3,2,1,Condo,979000,43.7732421,-79.2588666,St Andrews PS,St Andrews PS,D & M Thomson CI
W12697162,302 38 Joe Shuster Way,Toronto,2,2,1,Condo,499000,43.6410923,-79.4262614,Alexander M G Ave Jr & Sr PS,Alexander M G Ave Jr & Sr PS,Parkdale CI
W12697136,20 39 John Perkins Bull Drive,Toronto,3,3,1,Condo,750000,43.7327473,-79.4768895,Downsview PS,Pierre Laporte MS,Downsview SS
C12697090,201 32 Trolley Crescent,Toronto,3,3,1,Condo,1118800,43.656662,-79.354598,Dundas Jr PS,Queen Alexandra MS,Jarvis CI
E12697054,16 Tarsus Crescent,Toronto,4,3,2,Detached,1200000,43.7939616,-79.1844123,Morrish PS,Morrish PS,West Hill CI
